7/30/10,"6,897"
7/31/10,"5,564"
8/1/10,"4,303"
8/2/10,"6,642"
8/3/10,"7,966"
8/4/10,"7,893"
8/5/10,"8,724"
8/6/10,"9,797"
8/7/10,"6,631"
8/8/10,"7,864"
8/9/10,"6,191"
8/10/10,"4,802"
8/11/10,"14,013"
8/12/10,"13,080"
8/13/10,"12,151"
8/14/10,"9,195"
8/15/10,"10,928"
8/16/10,"15,384"
8/17/10,"15,396"
8/18/10,"16,062"
8/19/10,"17,170"
8/20/10,"16,462"
8/21/10,"11,719"
8/22/10,"10,129"
8/23/10,"12,935"
8/24/10,"17,006"
8/25/10,"10,062"
8/26/10,"9,875"
8/27/10,"12,854"
8/28/10,"10,116"
8/29/10,"7,811"
8/30/10,"10,534"
8/31/10,"17,508"
9/1/10,"19,332"
9/2/10,"20,909"
9/3/10,"20,113"
9/4/10,"14,373"
9/5/10,"12,924"
9/6/10,"16,841"
9/7/10,"25,361"
9/8/10,"18,727"
9/9/10,"20,774"
9/10/10,"19,532"
9/11/10,"13,383"
9/12/10,"14,002"
9/13/10,"18,037"
9/14/10,"17,026"
9/15/10,"20,890"
9/16/10,"20,433"
9/17/10,"20,488"
9/18/10,"15,495"
9/19/10,"11,492"
9/20/10,"20,169"
9/21/10,"22,906"
9/22/10,"23,905"
9/23/10,"17,729"
9/24/10,"18,053"
9/25/10,"14,010"
9/26/10,"7,890"
9/27/10,"18,789"
9/28/10,"21,554"
9/29/10,"13,899"
9/30/10,"21,823"
10/1/10,"11,424"
10/2/10,"10,704"
10/3/10,"8,237"
10/4/10,"23,688"
10/5/10,"22,054"
10/6/10,"20,114"
10/7/10,"24,072"
10/8/10,"22,886"
10/9/10,"14,463"
10/10/10,"14,871"
10/11/10,"21,986"
10/12/10,"23,016"
10/13/10,"22,251"
10/14/10,"21,582"
10/15/10,"20,934"
10/16/10,"12,735"
10/17/10,"12,764"
10/18/10,"20,464"
10/19/10,"17,964"
10/20/10,"20,750"
10/21/10,"21,161"
10/22/10,"20,164"
10/23/10,"11,584"
10/24/10,"11,259"
10/25/10,"18,430"
10/26/10,"13,950"
10/27/10,"19,559"
10/28/10,"19,995"
10/29/10,"19,119"
10/30/10,"13,493"
10/31/10,"8,739"
11/1/10,"19,785"
11/2/10,"21,754"
11/3/10,"27,964"
11/4/10,"22,424"
11/5/10,"15,815"
11/6/10,"11,877"
11/7/10,"9,331"
11/8/10,"11,328"
11/9/10,"16,026"
11/10/10,"19,767"
11/11/10,"12,901"
11/12/10,"14,534"
11/13/10,"12,123"
11/14/10,"6,235"
11/15/10,"18,086"
11/16/10,"18,764"
11/17/10,"17,005"
11/18/10,"15,974"
11/19/10,"18,545"
11/20/10,"10,806"
11/21/10,"8,356"
11/22/10,"17,258"
11/23/10,"17,427"
11/24/10,"18,628"
11/25/10,"16,822"
11/26/10,"16,092"
11/27/10,"7,867"
11/28/10,"6,866"
11/29/10,"16,681"
11/30/10,"9,263"
12/1/10,"9,848"
12/2/10,"7,356"
12/3/10,"8,264"
12/4/10,"7,857"
12/5/10,"8,321"
12/6/10,"13,855"
12/7/10,"15,033"
12/8/10,"15,225"
12/9/10,"16,171"
12/10/10,"15,602"
12/11/10,"10,328"
12/12/10,"8,585"
12/13/10,"14,997"
12/14/10,"15,550"
12/15/10,"13,412"
12/16/10,"10,833"
12/17/10,"10,366"
12/18/10,"2,805"
12/19/10,"2,764"
12/20/10,"6,876"
12/21/10,"7,879"
12/22/10,"9,718"
12/23/10,"8,867"
12/24/10,"5,402"
12/25/10,"5,621"
12/26/10,"4,383"
12/27/10,"3,971"
12/28/10,"3,763"
12/29/10,"7,010"
12/30/10,"7,464"
12/31/10,"7,448"
1/1/11,"4,555"
1/2/11,"6,250"
1/3/11,"7,262"
1/4/11,"13,430"
1/5/11,"13,757"
1/6/11,"9,595"
1/7/11,"9,294"
1/8/11,"9,338"
1/9/11,"10,558"
1/10/11,"16,058"
1/11/11,"16,412"
1/12/11,"13,894"
1/13/11,"15,911"
1/14/11,"14,834"
1/15/11,"11,851"
1/16/11,"10,471"
1/17/11,"10,835"
1/18/11,"17,703"
1/19/11,"18,350"
1/20/11,"17,957"
1/21/11,"16,509"
1/22/11,"10,658"
1/23/11,"9,911"
1/24/11,"17,193"
1/25/11,"17,045"
1/26/11,"16,396"
1/27/11,"16,519"
1/28/11,"15,538"
1/29/11,"9,379"
1/30/11,"9,455"
1/31/11,"16,260"
2/1/11,"16,331"
2/2/11,"18,102"
2/3/11,"15,593"
2/4/11,"14,938"
2/5/11,"8,442"
2/6/11,"9,437"
2/7/11,"16,537"
2/8/11,"19,829"
2/9/11,"18,197"
2/10/11,"11,496"
2/11/11,"16,070"
2/12/11,"12,855"
2/13/11,"7,034"
2/14/11,"17,836"
2/15/11,"15,667"
2/16/11,"18,989"
2/17/11,"18,938"
2/18/11,"17,460"
2/19/11,"6,250"
2/20/11,"7,882"
2/21/11,"13,720"
2/22/11,"15,948"
2/23/11,"12,936"
2/24/11,"19,230"
2/25/11,"18,634"
2/26/11,"7,749"
2/27/11,"8,349"
2/28/11,"13,843"
3/1/11,"15,774"
3/2/11,"16,929"
3/3/11,"16,576"
3/4/11,"16,971"
3/5/11,"9,847"
3/6/11,"7,142"
3/7/11,"16,192"
3/8/11,"17,240"
3/9/11,"18,494"
3/10/11,"18,794"
3/11/11,"19,074"
3/12/11,"15,488"
3/13/11,"10,526"
3/14/11,"19,451"
3/15/11,"19,568"
3/16/11,"19,643"
3/17/11,"20,036"
3/18/11,"14,612"
3/19/11,"17,801"
3/20/11,"14,694"
3/21/11,"20,710"
3/22/11,"21,792"
3/23/11,"23,837"
3/24/11,"23,518"
3/25/11,"24,343"
3/26/11,"16,095"
3/27/11,"17,550"
3/28/11,"21,602"
3/29/11,"22,080"
3/30/11,"18,945"
3/31/11,"20,831"
4/1/11,"22,048"
4/2/11,"19,829"
4/3/11,"17,294"
4/4/11,"20,949"
4/5/11,"16,690"
4/6/11,"25,597"
4/7/11,"25,451"
4/8/11,"26,622"
4/9/11,"22,323"
4/10/11,"21,346"
4/11/11,"22,204"
4/12/11,"23,651"
4/13/11,"18,909"
4/14/11,"22,346"
4/15/11,"22,974"
4/16/11,"19,632"
4/17/11,"22,009"
4/18/11,"24,032"
4/19/11,"27,914"
4/20/11,"27,934"
4/21/11,"26,547"
4/22/11,"23,719"
4/23/11,"19,182"
4/24/11,"21,313"
4/25/11,"21,669"
4/26/11,"22,038"
4/27/11,"24,349"
4/28/11,"23,794"
4/29/11,"19,700"
4/30/11,"21,574"
5/1/11,"19,489"
5/2/11,"18,126"
5/3/11,"23,786"
5/4/11,"26,183"
5/5/11,"23,620"
5/6/11,"28,971"
5/7/11,"22,274"
5/8/11,"21,011"
5/9/11,"27,172"
5/10/11,"29,417"
5/11/11,"27,205"
5/12/11,"23,461"
5/13/11,"23,991"
5/14/11,"21,100"
5/15/11,"19,097"
5/16/11,"24,620"
5/17/11,"25,464"
5/18/11,"23,068"
5/19/11,"27,534"
5/20/11,"27,523"
5/21/11,"24,408"
5/22/11,"19,348"
5/23/11,"24,268"
5/24/11,"27,768"
5/25/11,"28,708"
5/26/11,"18,055"
5/27/11,"22,907"
5/28/11,"15,693"
5/29/11,"18,396"
5/30/11,"16,097"
5/31/11,"23,312"
6/1/11,"26,054"
6/2/11,"26,920"
6/3/11,"26,641"
6/4/11,"15,233"
6/5/11,"8,420"
6/6/11,"13,812"
6/7/11,"22,378"
6/8/11,"23,013"
6/9/11,"25,061"
6/10/11,"20,141"
6/11/11,"21,059"
6/12/11,"6,061"
6/13/11,"23,978"
6/14/11,"28,889"
6/15/11,"25,643"
6/16/11,"17,566"
6/17/11,"15,723"
6/18/11,"13,721"
6/19/11,"17,092"
6/20/11,"20,101"
6/21/11,"26,780"
6/22/11,"22,745"
6/23/11,"24,559"
6/24/11,"22,137"
6/25/11,"17,944"
6/26/11,"23,483"
6/27/11,"26,243"
6/28/11,"21,950"
6/29/11,"28,073"
6/30/11,"27,297"
7/1/11,"27,758"
7/2/11,"22,764"
7/3/11,"21,423"
7/4/11,"27,332"
7/5/11,"24,802"
7/6/11,"26,207"
7/7/11,"20,483"
7/8/11,"19,485"
7/9/11,"21,360"
7/10/11,"20,203"
7/11/11,"26,355"
7/12/11,"26,633"
7/13/11,"25,417"
7/14/11,"26,479"
7/15/11,"27,114"
7/16/11,"10,224"
7/17/11,"10,965"
7/18/11,"18,541"
7/19/11,"21,218"
7/20/11,"21,580"
7/21/11,"20,951"
7/22/11,"25,172"
7/23/11,"20,264"
7/24/11,"22,464"
7/25/11,"25,185"
7/26/11,"25,636"
7/27/11,"24,989"
7/28/11,"26,759"
7/29/11,"25,373"
7/30/11,"23,930"
7/31/11,"21,388"
8/1/11,"22,940"
8/2/11,"24,290"
8/3/11,"26,120"
8/4/11,"15,149"
8/5/11,"26,792"
8/6/11,"20,485"
8/7/11,"14,912"
8/8/11,"23,489"
8/9/11,"23,011"
8/10/11,"24,182"
8/11/11,"20,573"
8/12/11,"22,971"
8/13/11,"20,731"
8/14/11,"21,115"
8/15/11,"23,657"
8/16/11,"24,899"
8/17/11,"23,010"
8/18/11,"16,139"
8/19/11,"25,444"
8/20/11,"17,334"
8/21/11,"21,836"
8/22/11,"25,222"
8/23/11,"10,953"
8/24/11,"22,883"
8/25/11,"20,026"
8/26/11,"12,368"
8/27/11,"14,045"
8/28/11,"15,908"
8/29/11,"17,443"
8/30/11,"21,477"
8/31/11,"23,036"
9/1/11,"25,110"
9/2/11,"25,981"
9/3/11,"24,578"
9/4/11,"14,967"
9/5/11,"21,776"
9/6/11,"13,863"
9/7/11,"22,746"
9/8/11,"23,679"
9/9/11,"23,957"
9/10/11,"20,069"
9/11/11,"17,719"
9/12/11,"21,572"
9/13/11,"23,962"
9/14/11,"25,824"
9/15/11,"25,803"
9/16/11,"25,567"
9/17/11,"15,147"
9/18/11,"17,327"
9/19/11,"23,708"
9/20/11,"23,676"
9/21/11,"22,730"
9/22/11,"24,601"
9/23/11,"25,114"
9/24/11,"22,113"
9/25/11,"21,211"
9/26/11,"20,527"
9/27/11,"24,841"
9/28/11,"28,434"
9/29/11,"29,039"
9/30/11,"29,139"
10/1/11,"27,129"
10/2/11,"26,906"
10/3/11,"27,559"
10/4/11,"26,131"
10/5/11,"26,263"
10/6/11,"25,083"
10/7/11,"24,529"
10/8/11,"18,154"
10/9/11,"17,643"
10/10/11,"24,198"
10/11/11,"26,184"
10/12/11,"26,323"
10/13/11,"25,149"
10/14/11,"26,542"
10/15/11,"23,663"
10/16/11,"18,530"
10/17/11,"23,892"
10/18/11,"23,791"
10/19/11,"23,259"
10/20/11,"23,157"
10/21/11,"23,253"
10/22/11,"20,482"
10/23/11,"18,560"
10/24/11,"22,842"
10/25/11,"22,771"
10/26/11,"17,621"
10/27/11,"19,360"
10/28/11,"23,158"
10/29/11,"18,228"
10/30/11,"15,443"
10/31/11,"22,999"
11/1/11,"22,747"
11/2/11,"23,724"
11/3/11,"18,676"
11/4/11,"18,774"
11/5/11,"16,434"
11/6/11,"14,317"
11/7/11,"20,365"
11/8/11,"19,231"
11/9/11,"22,542"
11/10/11,"23,475"
11/11/11,"21,140"
11/12/11,"18,933"
11/13/11,"17,744"
11/14/11,"19,913"
11/15/11,"22,245"
11/16/11,"21,639"
11/17/11,"22,802"
11/18/11,"22,461"
11/19/11,"18,706"
11/20/11,"14,829"
11/21/11,"20,824"
11/22/11,"20,341"
11/23/11,"21,855"
11/24/11,"21,870"
11/25/11,"21,598"
11/26/11,"15,803"
11/27/11,"14,362"
11/28/11,"20,167"
11/29/11,"18,718"
11/30/11,"20,956"
12/1/11,"16,481"
12/2/11,"19,146"
12/3/11,"13,776"
12/4/11,"10,276"
12/5/11,"18,176"
12/6/11,"18,943"
12/7/11,"19,279"
12/8/11,"17,313"
12/9/11,"18,421"
12/10/11,"11,864"
12/11/11,"8,368"
12/12/11,"16,554"
12/13/11,"17,111"
12/14/11,"17,543"
12/15/11,"17,081"
12/16/11,"11,778"
12/17/11,"8,925"
12/18/11,"7,485"
12/19/11,"11,270"
12/20/11,"15,685"
12/21/11,"14,158"
12/22/11,"15,099"
12/23/11,"9,131"
12/24/11,"4,890"
12/25/11,"17,998"
12/26/11,"10,953"
12/27/11,"8,076"
12/28/11,"9,888"
12/29/11,"8,368"
12/30/11,"6,900"
12/31/11,"7,793"
1/1/12,"5,171"
1/2/12,"9,091"
1/3/12,"10,094"
1/4/12,"13,936"
1/5/12,"14,191"
1/6/12,"17,713"
1/7/12,"12,556"
1/8/12,"10,487"
1/9/12,"19,472"
1/10/12,"20,548"
1/11/12,"20,958"
1/12/12,"20,879"
1/13/12,"19,691"
1/14/12,"13,843"
1/15/12,"12,149"
1/16/12,"19,136"
1/17/12,"20,170"
1/18/12,"17,972"
1/19/12,"15,441"
1/20/12,"18,703"
1/21/12,"13,339"
1/22/12,"12,845"
1/23/12,"20,193"
1/24/12,"13,269"
1/25/12,"20,836"
1/26/12,"19,515"
1/27/12,"20,775"
1/28/12,"13,272"
1/29/12,"10,949"
1/30/12,"18,955"
1/31/12,"18,176"
2/1/12,"18,208"
2/2/12,"16,916"
2/3/12,"16,185"
2/4/12,"8,348"
2/5/12,"3,531"
2/6/12,"15,202"
2/7/12,"17,722"
2/8/12,"16,442"
2/9/12,"16,363"
2/10/12,"15,117"
2/11/12,"9,912"
2/12/12,"8,020"
2/13/12,"13,172"
2/14/12,"17,946"
2/15/12,"19,396"
2/16/12,"19,505"
2/17/12,"19,444"
2/18/12,"9,463"
2/19/12,"12,655"
2/20/12,"18,802"
2/21/12,"20,861"
2/22/12,"18,112"
2/23/12,"23,391"
2/24/12,"22,067"
2/25/12,"19,349"
2/26/12,"17,646"
2/27/12,"20,936"
2/28/12,"23,423"
2/29/12,"23,692"
3/1/12,"25,116"
3/2/12,"21,928"
3/3/12,"17,697"
3/4/12,"5,062"
3/5/12,"19,342"
3/6/12,"21,102"
3/7/12,"17,096"
3/8/12,"24,123"
3/9/12,"23,609"
3/10/12,"24,721"
3/11/12,"27,758"
3/12/12,"28,856"
3/13/12,"27,528"
3/14/12,"28,296"
3/15/12,"29,969"
3/16/12,"26,452"
3/17/12,"13,391"
3/18/12,"19,184"
3/19/12,"28,391"
3/20/12,"30,817"
3/21/12,"31,175"
3/22/12,"31,135"
3/23/12,"33,635"
3/24/12,"35,091"
3/25/12,"28,607"
3/26/12,"32,368"
3/27/12,"34,563"
3/28/12,"36,539"
3/29/12,"35,954"
3/30/12,"35,666"
3/31/12,"23,038"
4/1/12,"30,513"
4/2/12,"32,142"
4/3/12,"25,956"
4/4/12,"27,912"
4/5/12,"24,383"
4/6/12,"22,354"
4/7/12,"16,848"
4/8/12,"15,717"
4/9/12,"6,214"
4/10/12,"24,898"
4/11/12,"29,345"
4/12/12,"25,772"
4/13/12,"27,673"
4/14/12,"26,193"
4/15/12,"10,188"
4/16/12,"28,188"
4/17/12,"20,105"
4/18/12,"16,651"
4/19/12,"18,759"
4/20/12,"22,730"
4/21/12,"22,014"
4/22/12,"19,707"
4/23/12,"19,262"
4/24/12,"27,522"
4/25/12,"12,737"
4/26/12,"21,740"
4/27/12,"24,263"
4/28/12,"7,827"
4/29/12,"9,951"
4/30/12,"31,909"
5/1/12,"24,523"
5/2/12,"28,381"
5/3/12,"23,768"
5/4/12,"25,503"
5/5/12,"16,009"
5/6/12,"17,160"
5/7/12,"15,227"
5/8/12,"28,585"
5/9/12,"21,758"
5/10/12,"26,164"
5/11/12,"31,385"
5/12/12,"30,699"
5/13/12,"28,778"
5/14/12,"23,344"
5/15/12,"18,409"
5/16/12,"31,453"
5/17/12,"31,219"
5/18/12,"30,945"
5/19/12,"28,474"
5/20/12,"22,286"
5/21/12,"30,905"
5/22/12,"36,720"
5/23/12,"40,486"
5/24/12,"42,008"
5/25/12,"41,357"
5/26/12,"39,358"
5/27/12,"38,781"
5/28/12,"40,872"
5/29/12,"37,962"
5/30/12,"38,803"
5/31/12,"35,630"
6/1/12,"34,524"
6/2/12,"25,283"
6/3/12,"12,207"
6/4/12,"22,649"
6/5/12,"15,537"
6/6/12,"30,297"
6/7/12,"23,066"
6/8/12,"22,224"
6/9/12,"29,258"
6/10/12,"20,876"
6/11/12,"10,252"
6/12/12,"23,742"
6/13/12,"34,447"
6/14/12,"31,593"
6/15/12,"30,944"
6/16/12,"26,300"
6/17/12,"28,531"
6/18/12,"31,089"
6/19/12,"37,601"
6/20/12,"39,267"
6/21/12,"27,052"
6/22/12,"33,027"
6/23/12,"26,900"
6/24/12,"23,509"
6/25/12,"36,337"
6/26/12,"37,652"
6/27/12,"36,767"
6/28/12,"39,571"
6/29/12,"35,321"
6/30/12,"32,982"
7/1/12,"27,438"
7/2/12,"24,963"
7/3/12,"27,163"
7/4/12,"32,433"
7/5/12,"40,565"
7/6/12,"24,723"
7/7/12,"24,782"
7/8/12,"15,855"
7/9/12,"30,523"
7/10/12,"29,723"
7/11/12,"30,544"
7/12/12,"24,736"
7/13/12,"28,875"
7/14/12,"17,999"
7/15/12,"29,938"
7/16/12,"24,218"
7/17/12,"36,788"
7/18/12,"29,841"
7/19/12,"37,032"
7/20/12,"31,187"
7/21/12,"34,776"
7/22/12,"38,620"
7/23/12,"42,309"
7/24/12,"45,748"
7/25/12,"45,024"
7/26/12,"46,891"
7/27/12,"42,815"
7/28/12,"44,617"
7/29/12,"26,352"
7/30/12,"41,891"
7/31/12,"35,805"
8/1/12,"41,603"
8/2/12,"43,183"
8/3/12,"43,045"
8/4/12,"39,082"
8/5/12,"30,150"
8/6/12,"37,198"
8/7/12,"38,134"
8/8/12,"42,263"
8/9/12,"46,050"
8/10/12,"47,102"
8/11/12,"44,111"
8/12/12,"41,734"
8/13/12,"36,101"
8/14/12,"41,532"
8/15/12,"36,557"
8/16/12,"38,181"
8/17/12,"40,821"
8/18/12,"40,577"
8/19/12,"35,370"
8/20/12,"37,997"
8/21/12,"39,185"
8/22/12,"39,962"
8/23/12,"36,578"
8/24/12,"33,329"
8/25/12,"17,802"
8/26/12,"31,939"
8/27/12,"27,522"
8/28/12,"37,362"
8/29/12,"30,916"
8/30/12,"30,379"
8/31/12,"37,406"
9/1/12,"33,123"
9/2/12,"27,997"
9/3/12,"39,941"
9/4/12,"40,298"
9/5/12,"40,606"
9/6/12,"39,864"
9/7/12,"41,414"
9/8/12,"40,978"
9/9/12,"39,006"
9/10/12,"35,489"
9/11/12,"37,276"
9/12/12,"35,654"
9/13/12,"37,938"
9/14/12,"36,653"
9/15/12,"36,493"
9/16/12,"29,785"
9/17/12,"35,954"
9/18/12,"37,026"
9/19/12,"36,136"
9/20/12,"35,929"
9/21/12,"32,347"
9/22/12,"33,867"
9/23/12,"8,452"
9/24/12,"21,229"
9/25/12,"33,706"
9/26/12,"27,202"
9/27/12,"32,416"
9/28/12,"31,880"
9/29/12,"31,223"
9/30/12,"25,263"
10/1/12,"23,627"
10/2/12,"30,107"
10/3/12,"32,695"
10/4/12,"35,136"
10/5/12,"23,773"
10/6/12,"30,424"
10/7/12,"27,168"
10/8/12,"22,984"
10/9/12,"32,965"
10/10/12,"35,221"
10/11/12,"25,324"
10/12/12,"31,694"
10/13/12,"26,289"
10/14/12,"25,440"
10/15/12,"30,558"
10/16/12,"33,253"
10/17/12,"30,285"
10/18/12,"32,566"
10/19/12,"21,001"
10/20/12,"25,411"
10/21/12,"15,563"
10/22/12,"27,294"
10/23/12,"31,996"
10/24/12,"33,882"
10/25/12,"29,515"
10/26/12,"26,404"
10/27/12,"17,144"
10/28/12,"15,305"
10/29/12,"24,276"
10/30/12,"30,325"
10/31/12,"29,241"
11/1/12,"26,888"
11/2/12,"28,748"
11/3/12,"21,498"
11/4/12,"11,693"
11/5/12,"27,666"
11/6/12,"27,038"
11/7/12,"29,537"
11/8/12,"29,895"
11/9/12,"29,349"
11/10/12,"18,018"
11/11/12,"20,971"
11/12/12,"23,680"
11/13/12,"30,511"
11/14/12,"31,453"
11/15/12,"30,165"
11/16/12,"28,143"
11/17/12,"20,325"
11/18/12,"21,664"
11/19/12,"28,127"
11/20/12,"25,921"
11/21/12,"20,554"
11/22/12,"27,783"
11/23/12,"27,973"
11/24/12,"8,902"
11/25/12,"16,894"
11/26/12,"20,656"
11/27/12,"20,388"
11/28/12,"21,403"
11/29/12,"26,212"
11/30/12,"24,838"
12/1/12,"16,068"
12/2/12,"15,227"
12/3/12,"23,592"
12/4/12,"26,144"
12/5/12,"23,111"
12/6/12,"22,645"
12/7/12,"20,140"
12/8/12,"17,805"
12/9/12,"14,147"
12/10/12,"23,937"
12/11/12,"23,531"
12/12/12,"22,344"
12/13/12,"21,704"
12/14/12,"17,085"
12/15/12,"16,962"
12/16/12,"14,128"
12/17/12,"22,899"
12/18/12,"23,651"
12/19/12,"16,828"
12/20/12,"12,401"
12/21/12,"20,395"
12/22/12,"5,644"
12/23/12,"9,184"
12/24/12,"7,985"
12/25/12,"16,816"
12/26/12,"10,405"
12/27/12,"9,013"
12/28/12,"10,947"
12/29/12,"8,498"
12/30/12,"11,343"
12/31/12,"8,865"
1/1/13,"12,149"
1/2/13,"16,203"
1/3/13,"21,269"
1/4/13,"22,435"
1/5/13,"16,242"
1/6/13,"13,622"
1/7/13,"23,348"
1/8/13,"25,909"
1/9/13,"25,341"
1/10/13,"24,363"
1/11/13,"23,869"
1/12/13,"13,562"
1/13/13,"12,260"
1/14/13,"17,427"
1/15/13,"22,797"
1/16/13,"22,460"
1/17/13,"22,210"
1/18/13,"13,108"
1/19/13,"7,843"
1/20/13,"3,728"
1/21/13,"13,467"
1/22/13,"18,061"
1/23/13,"19,404"
1/24/13,"20,721"
1/25/13,"20,178"
1/26/13,"14,595"
1/27/13,"13,689"
1/28/13,"18,689"
1/29/13,"21,268"
1/30/13,"23,415"
1/31/13,"21,957"
2/1/13,"18,081"
2/2/13,"15,757"
2/3/13,"13,572"
2/4/13,"23,017"
2/5/13,"21,177"
2/6/13,"20,664"
2/7/13,"20,852"
2/8/13,"20,571"
2/9/13,"11,274"
2/10/13,"4,901"
2/11/13,"13,468"
2/12/13,"20,342"
2/13/13,"21,051"
2/14/13,"21,034"
2/15/13,"22,952"
2/16/13,"19,072"
2/17/13,"19,044"
2/18/13,"22,724"
2/19/13,"24,525"
2/20/13,"20,938"
2/21/13,"19,757"
2/22/13,"18,313"
2/23/13,"11,234"
2/24/13,"9,404"
2/25/13,"19,800"
2/26/13,"19,595"
2/27/13,"21,484"
2/28/13,"21,985"
3/1/13,"19,487"
3/2/13,"15,265"
3/3/13,"14,520"
3/4/13,"23,036"
3/5/13,"27,054"
3/6/13,"24,324"
3/7/13,"17,322"
3/8/13,"13,843"
3/9/13,"14,244"
3/10/13,"10,163"
3/11/13,"16,546"
3/12/13,"18,794"
3/13/13,"20,245"
3/14/13,"21,984"
3/15/13,"17,159"
3/16/13,"9,190"
3/17/13,"7,940"
3/18/13,"15,852"
3/19/13,"22,479"
3/20/13,"22,216"
3/21/13,"22,061"
3/22/13,"16,233"
3/23/13,"5,249"
3/24/13,"6,786"
3/25/13,"17,290"
3/26/13,"18,384"
3/27/13,"19,184"
3/28/13,"18,052"
3/29/13,"10,909"
3/30/13,"9,793"
3/31/13,"9,007"
4/1/13,"9,421"
4/2/13,"19,148"
4/3/13,"17,801"
4/4/13,"15,626"
4/5/13,"18,059"
4/6/13,"18,216"
4/7/13,"18,090"
4/8/13,"21,797"
4/9/13,"17,555"
4/10/13,"22,233"
4/11/13,"19,240"
4/12/13,"15,100"
4/13/13,"11,291"
4/14/13,"25,074"
4/15/13,"24,923"
4/16/13,"26,060"
4/17/13,"25,730"
4/18/13,"23,979"
4/19/13,"24,297"
4/20/13,"26,724"
4/21/13,"22,466"
4/22/13,"25,384"
4/23/13,"31,359"
4/24/13,"30,193"
4/25/13,"32,000"
4/26/13,"23,125"
4/27/13,"17,337"
4/28/13,"19,139"
4/29/13,"27,644"
4/30/13,"29,219"
5/1/13,"31,175"
5/2/13,"31,239"
5/3/13,"31,340"
5/4/13,"19,156"
5/5/13,"24,342"
5/6/13,"29,015"
5/7/13,"30,707"
5/8/13,"26,032"
5/9/13,"24,250"
5/10/13,"26,399"
5/11/13,"16,627"
5/12/13,"15,918"
5/13/13,"24,836"
5/14/13,"18,054"
5/15/13,"24,015"
5/16/13,"26,070"
5/17/13,"24,932"
5/18/13,"22,272"
5/19/13,"23,994"
5/20/13,"25,914"
5/21/13,"27,649"
5/22/13,"26,967"
5/23/13,"24,701"
5/24/13,"12,891"
5/25/13,"21,087"
5/26/13,"27,251"
5/27/13,"25,819"
5/28/13,"14,556"
5/29/13,"21,440"
5/30/13,"22,150"
5/31/13,"29,136"
6/1/13,"24,782"
6/2/13,"27,202"
6/3/13,"29,940"
6/4/13,"32,397"
6/5/13,"32,488"
6/6/13,"32,829"
6/7/13,"28,762"
6/8/13,"27,264"
6/9/13,"19,429"
6/10/13,"27,336"
6/11/13,"26,601"
6/12/13,"24,401"
6/13/13,"26,388"
6/14/13,"28,797"
6/15/13,"16,020"
6/16/13,"19,970"
6/17/13,"28,611"
6/18/13,"30,871"
6/19/13,"31,899"
6/20/13,"29,959"
6/21/13,"28,844"
6/22/13,"19,483"
6/23/13,"19,006"
6/24/13,"27,636"
6/25/13,"31,889"
6/26/13,"31,156"
6/27/13,"27,306"
6/28/13,"22,074"
6/29/13,"29,054"
6/30/13,"31,237"
7/1/13,"31,151"
7/2/13,"30,163"
7/3/13,"30,780"
7/4/13,"32,941"
7/5/13,"34,704"
7/6/13,"34,191"
7/7/13,"31,363"
7/8/13,"34,263"
7/9/13,"35,519"
7/10/13,"33,629"
7/11/13,"33,792"
7/12/13,"33,173"
7/13/13,"33,509"
7/14/13,"32,169"
7/15/13,"34,419"
7/16/13,"35,580"
7/17/13,"35,203"
7/18/13,"35,330"
7/19/13,"35,196"
7/20/13,"28,332"
7/21/13,"30,075"
7/22/13,"33,176"
7/23/13,"31,624"
7/24/13,"34,038"
7/25/13,"33,683"
7/26/13,"34,681"
7/27/13,"25,761"
7/28/13,"28,177"
7/29/13,"30,415"
7/30/13,"22,742"
7/31/13,"28,976"
8/1/13,"34,770"
8/2/13,"29,109"
8/3/13,"34,928"
8/4/13,"32,580"
8/5/13,"23,864"
8/6/13,"33,631"
8/7/13,"33,084"
8/8/13,"33,737"
8/9/13,"28,206"
8/10/13,"28,830"
8/11/13,"29,530"
8/12/13,"30,425"
8/13/13,"30,933"
8/14/13,"31,412"
8/15/13,"30,865"
8/16/13,"25,555"
8/17/13,"23,931"
8/18/13,"26,910"
8/19/13,"31,183"
8/20/13,"33,578"
8/21/13,"33,214"
8/22/13,"22,363"
8/23/13,"30,665"
8/24/13,"7,341"
8/25/13,"21,638"
8/26/13,"27,802"
8/27/13,"29,563"
8/28/13,"32,024"
8/29/13,"31,639"
8/30/13,"31,127"
8/31/13,"29,718"
9/1/13,"23,856"
9/2/13,"31,292"
9/3/13,"31,600"
9/4/13,"33,406"
9/5/13,"33,574"
9/6/13,"20,930"
9/7/13,"21,279"
9/8/13,"18,046"
9/9/13,"17,943"
9/10/13,"24,558"
9/11/13,"23,386"
9/12/13,"24,246"
9/13/13,"15,392"
9/14/13,"12,977"
9/15/13,"4,826"
9/16/13,"21,892"
9/17/13,"18,428"
9/18/13,"25,319"
9/19/13,"18,746"
9/20/13,"26,196"
9/21/13,"21,988"
9/22/13,"22,683"
9/23/13,"26,625"
9/24/13,"28,666"
9/25/13,"28,183"
9/26/13,"28,857"
9/27/13,"27,371"
9/28/13,"21,716"
9/29/13,"20,654"
9/30/13,"27,089"
10/1/13,"27,711"
10/2/13,"26,467"
10/3/13,"25,153"
10/4/13,"26,522"
10/5/13,"22,996"
10/6/13,"25,143"
10/7/13,"26,680"
10/8/13,"27,598"
10/9/13,"26,433"
10/10/13,"23,497"
10/11/13,"15,640"
10/12/13,"17,068"
10/13/13,"7,068"
10/14/13,"18,979"
10/15/13,"24,657"
10/16/13,"20,562"
10/17/13,"25,170"
10/18/13,"24,880"
10/19/13,"17,430"
10/20/13,"11,396"
10/21/13,"21,385"
10/22/13,"22,316"
10/23/13,"24,178"
10/24/13,"26,399"
10/25/13,"23,677"
10/26/13,"16,986"
10/27/13,"15,652"
10/28/13,"14,577"
10/29/13,"23,126"
10/30/13,"24,753"
10/31/13,"20,055"
11/1/13,"20,597"
11/2/13,"15,347"
11/3/13,"13,063"
11/4/13,"20,369"
11/5/13,"19,326"
11/6/13,"18,431"
11/7/13,"22,527"
11/8/13,"15,188"
11/9/13,"6,772"
11/10/13,"9,767"
11/11/13,"14,377"
11/12/13,"19,572"
11/13/13,"22,021"
11/14/13,"21,061"
11/15/13,"20,850"
11/16/13,"15,029"
11/17/13,"12,340"
11/18/13,"18,491"
11/19/13,"20,335"
11/20/13,"14,115"
11/21/13,"18,668"
11/22/13,"18,789"
11/23/13,"13,276"
11/24/13,"10,505"
11/25/13,"19,201"
11/26/13,"20,486"
11/27/13,"20,274"
11/28/13,"20,649"
11/29/13,"19,397"
11/30/13,"13,323"
12/1/13,"11,711"
12/2/13,"19,630"
12/3/13,"20,242"
12/4/13,"20,035"
12/5/13,"18,326"
12/6/13,"18,494"
12/7/13,"13,625"
12/8/13,"13,076"
12/9/13,"19,969"
12/10/13,"20,432"
12/11/13,"19,123"
12/12/13,"19,420"
12/13/13,"16,921"
12/14/13,"14,049"
12/15/13,"8,557"
12/16/13,"13,825"
12/17/13,"15,689"
12/18/13,"17,311"
12/19/13,"17,738"
12/20/13,"18,046"
12/21/13,"5,774"
12/22/13,"9,233"
12/23/13,"6,246"
12/24/13,"6,201"
12/25/13,"27,715"
12/26/13,"7,666"
12/27/13,"7,258"
12/28/13,"10,533"
12/29/13,"10,983"
12/30/13,"8,413"
12/31/13,"7,701"
1/1/14,"4,327"
1/2/14,"15,820"
1/3/14,"11,636"
1/4/14,"6,918"
1/5/14,"9,145"
1/6/14,"13,066"
1/7/14,"17,420"
1/8/14,"19,770"
1/9/14,"19,143"
1/10/14,"18,840"
1/11/14,"15,723"
1/12/14,"11,975"
1/13/14,"17,721"
1/14/14,"20,740"
1/15/14,"19,243"
1/16/14,"18,861"
1/17/14,"17,434"
1/18/14,"15,333"
1/19/14,"16,083"
1/20/14,"21,218"
1/21/14,"21,756"
1/22/14,"21,072"
1/23/14,"20,020"
1/24/14,"19,272"
1/25/14,"14,581"
1/26/14,"7,033"
1/27/14,"18,285"
1/28/14,"19,939"
1/29/14,"10,585"
1/30/14,"17,052"
1/31/14,"13,859"
2/1/14,"13,981"
2/2/14,"15,924"
2/3/14,"20,370"
2/4/14,"21,217"
2/5/14,"29,418"
2/6/14,"25,395"
2/7/14,"19,857"
2/8/14,"10,928"
2/9/14,"11,657"
2/10/14,"19,278"
2/11/14,"18,514"
2/12/14,"18,000"
2/13/14,"20,954"
2/14/14,"12,794"
2/15/14,"11,208"
2/16/14,"18,484"
2/17/14,"19,013"
2/18/14,"19,484"
2/19/14,"21,556"
2/20/14,"19,396"
2/21/14,"21,269"
2/22/14,"20,033"
2/23/14,"13,680"
2/24/14,"21,469"
2/25/14,"20,713"
2/26/14,"23,938"
2/27/14,"20,629"
2/28/14,"13,781"
3/1/14,"18,823"
3/2/14,"11,727"
3/3/14,"18,150"
3/4/14,"23,069"
3/5/14,"25,102"
3/6/14,"24,696"
3/7/14,"24,385"
3/8/14,"25,556"
3/9/14,"33,955"
3/10/14,"24,347"
3/11/14,"23,871"
3/12/14,"27,173"
3/13/14,"27,552"
3/14/14,"28,134"
3/15/14,"29,664"
3/16/14,"34,421"
3/17/14,"26,465"
3/18/14,"25,502"
3/19/14,"26,719"
3/20/14,"23,718"
3/21/14,"23,821"
3/22/14,"19,091"
3/23/14,"17,463"
3/24/14,"24,055"
3/25/14,"19,421"
3/26/14,"20,493"
3/27/14,"23,462"
3/28/14,"24,198"
3/29/14,"29,511"
3/30/14,"26,605"
3/31/14,"26,715"
4/1/14,"29,782"
4/2/14,"28,876"
4/3/14,"28,245"
4/4/14,"27,401"
4/5/14,"25,648"
4/6/14,"16,387"
4/7/14,"18,883"
4/8/14,"26,654"
4/9/14,"29,621"
4/10/14,"29,229"
4/11/14,"28,435"
4/12/14,"25,706"
4/13/14,"31,404"
4/14/14,"28,742"
4/15/14,"30,031"
4/16/14,"30,934"
4/17/14,"27,676"
4/18/14,"22,152"
4/19/14,"21,424"
4/20/14,"7,188"
4/21/14,"20,532"
4/22/14,"22,689"
4/23/14,"27,102"
4/24/14,"29,119"
4/25/14,"20,400"
4/26/14,"25,195"
4/27/14,"21,284"
4/28/14,"29,474"
4/29/14,"46,333"
4/30/14,"49,025"
5/1/14,"16,644"
5/2/14,"26,510"
5/3/14,"31,534"
5/4/14,"33,030"
5/5/14,"33,748"
5/6/14,"32,323"
5/7/14,"28,802"
5/8/14,"19,398"
5/9/14,"30,131"
5/10/14,"19,373"
5/11/14,"17,645"
5/12/14,"26,149"
5/13/14,"25,351"
5/14/14,"34,122"
5/15/14,"35,148"
5/16/14,"36,268"
5/17/14,"38,147"
5/18/14,"43,663"
5/19/14,"37,088"
5/20/14,"33,626"
5/21/14,"34,437"
5/22/14,"30,819"
5/23/14,"30,556"
5/24/14,"18,723"
5/25/14,"33,401"
5/26/14,"12,049"
5/27/14,"14,446"
5/28/14,"21,978"
5/29/14,"29,229"
5/30/14,"31,331"
5/31/14,"35,040"
6/1/14,"36,655"
6/2/14,"33,481"
6/3/14,"29,332"
6/4/14,"25,905"
6/5/14,"34,617"
6/6/14,"37,440"
6/7/14,"29,919"
6/8/14,"44,415"
6/9/14,"34,305"
6/10/14,"40,128"
6/11/14,"39,582"
6/12/14,"39,928"
6/13/14,"40,036"
6/14/14,"32,758"
6/15/14,"28,944"
6/16/14,"31,592"
6/17/14,"37,658"
6/18/14,"35,431"
6/19/14,"36,113"
6/20/14,"36,924"
6/21/14,"42,463"
6/22/14,"41,596"
6/23/14,"35,206"
6/24/14,"38,066"
6/25/14,"39,623"
6/26/14,"35,438"
6/27/14,"35,912"
6/28/14,"20,199"
6/29/14,"26,714"
6/30/14,"32,193"
7/1/14,"39,495"
7/2/14,"40,878"
7/3/14,"43,116"
7/4/14,"38,316"
7/5/14,"27,332"
7/6/14,"31,117"
7/7/14,"36,191"
7/8/14,"35,107"
7/9/14,"38,844"
7/10/14,"32,108"
7/11/14,"27,618"
7/12/14,"38,331"
7/13/14,"33,227"
7/14/14,"38,450"
7/15/14,"40,888"
7/16/14,"42,341"
7/17/14,"42,404"
7/18/14,"40,543"
7/19/14,"37,061"
7/20/14,"34,379"
7/21/14,"38,499"
7/22/14,"42,928"
7/23/14,"42,486"
7/24/14,"42,412"
7/25/14,"31,881"
7/26/14,"43,788"
7/27/14,"39,917"
7/28/14,"36,203"
7/29/14,"42,308"
7/30/14,"43,044"
7/31/14,"41,970"
8/1/14,"40,009"
8/2/14,"38,046"
8/3/14,"41,944"
8/4/14,"39,856"
8/5/14,"40,716"
8/6/14,"38,665"
8/7/14,"42,491"
8/8/14,"34,234"
8/9/14,"47,454"
8/10/14,"23,980"
8/11/14,"31,725"
8/12/14,"34,827"
8/13/14,"37,856"
8/14/14,"27,185"
8/15/14,"32,510"
8/16/14,"47,245"
8/17/14,"39,952"
8/18/14,"30,784"
8/19/14,"35,332"
8/20/14,"36,817"
8/21/14,"33,236"
8/22/14,"34,047"
8/23/14,"29,999"
8/24/14,"30,962"
8/25/14,"6,175"
8/26/14,"18,448"
8/27/14,"32,286"
8/28/14,"31,842"
8/29/14,"32,439"
8/30/14,"30,832"
8/31/14,"33,312"
9/1/14,"27,455"
9/2/14,"36,836"
9/3/14,"36,523"
9/4/14,"35,448"
9/5/14,"35,013"
9/6/14,"33,434"
9/7/14,"34,248"
9/8/14,"36,983"
9/9/14,"37,674"
9/10/14,"37,091"
9/11/14,"35,303"
9/12/14,"37,144"
9/13/14,"34,174"
9/14/14,"31,770"
9/15/14,"36,629"
9/16/14,"37,535"
9/17/14,"38,583"
9/18/14,"38,442"
9/19/14,"36,841"
9/20/14,"31,031"
9/21/14,"33,334"
9/22/14,"35,178"
9/23/14,"36,460"
9/24/14,"32,680"
9/25/14,"35,367"
9/26/14,"35,474"
9/27/14,"35,087"
9/28/14,"37,873"
9/29/14,"31,701"
9/30/14,"37,373"
10/1/14,"32,733"
10/2/14,"36,992"
10/3/14,"37,909"
10/4/14,"18,967"
10/5/14,"33,082"
10/6/14,"24,330"
10/7/14,"31,465"
10/8/14,"23,573"
10/9/14,"26,642"
10/10/14,"32,510"
10/11/14,"30,498"
10/12/14,"23,063"
10/13/14,"13,299"
10/14/14,"28,518"
10/15/14,"25,424"
10/16/14,"31,541"
10/17/14,"32,770"
10/18/14,"28,951"
10/19/14,"30,480"
10/20/14,"31,642"
10/21/14,"24,681"
10/22/14,"30,642"
10/23/14,"31,277"
10/24/14,"29,144"
10/25/14,"30,053"
10/26/14,"26,514"
10/27/14,"33,716"
10/28/14,"35,320"
10/29/14,"23,281"
10/30/14,"32,503"
10/31/14,"36,478"
11/1/14,"31,912"
11/2/14,"15,887"
11/3/14,"22,347"
11/4/14,"23,525"
11/5/14,"27,970"
11/6/14,"28,274"
11/7/14,"26,779"
11/8/14,"17,473"
11/9/14,"24,099"
11/10/14,"28,303"
11/11/14,"28,993"
11/12/14,"24,878"
11/13/14,"27,839"
11/14/14,"21,442"
11/15/14,"22,842"
11/16/14,"17,849"
11/17/14,"21,398"
11/18/14,"26,094"
11/19/14,"28,807"
11/20/14,"29,068"
11/21/14,"24,070"
11/22/14,"18,347"
11/23/14,"6,030"
11/24/14,"25,884"
11/25/14,"24,359"
11/26/14,"23,096"
11/27/14,"26,765"
11/28/14,"26,782"
11/29/14,"24,337"
11/30/14,"19,998"
12/1/14,"24,983"
12/2/14,"21,614"
12/3/14,"25,376"
12/4/14,"19,993"
12/5/14,"22,939"
12/6/14,"17,431"
12/7/14,"12,789"
12/8/14,"23,519"
12/9/14,"23,925"
12/10/14,"25,028"
12/11/14,"23,028"
12/12/14,"20,436"
12/13/14,"18,255"
12/14/14,"14,441"
12/15/14,"22,940"
12/16/14,"23,087"
12/17/14,"22,120"
12/18/14,"23,196"
12/19/14,"21,966"
12/20/14,"14,690"
12/21/14,"11,802"
12/22/14,"18,552"
12/23/14,"16,551"
12/24/14,"10,385"
12/25/14,"39,145"
12/26/14,"7,678"
12/27/14,"6,349"
12/28/14,"9,293"
12/29/14,"12,411"
12/30/14,"13,120"
12/31/14,"12,811"
1/1/15,"9,615"
1/2/15,"15,389"
1/3/15,"5,779"
1/4/15,"9,367"
1/5/15,"20,566"
1/6/15,"20,765"
1/7/15,"22,504"
1/8/15,"15,769"
1/9/15,"22,285"
1/10/15,"14,877"
1/11/15,"14,738"
1/12/15,"17,354"
1/13/15,"24,966"
1/14/15,"23,767"
1/15/15,"23,123"
1/16/15,"22,894"
1/17/15,"15,443"
1/18/15,"13,373"
1/19/15,"23,193"
1/20/15,"23,384"
1/21/15,"22,987"
1/22/15,"23,432"
1/23/15,"22,093"
1/24/15,"17,748"
1/25/15,"15,267"
1/26/15,"22,867"
1/27/15,"25,222"
1/28/15,"21,685"
1/29/15,"21,421"
1/30/15,"21,405"
1/31/15,"10,385"
2/1/15,"11,420"
2/2/15,"21,770"
2/3/15,"20,028"
2/4/15,"22,056"
2/5/15,"21,396"
2/6/15,"21,146"
2/7/15,"13,324"
2/8/15,"15,983"
2/9/15,"24,078"
2/10/15,"24,399"
2/11/15,"23,870"
2/12/15,"23,429"
2/13/15,"17,836"
2/14/15,"14,644"
2/15/15,"17,253"
2/16/15,"16,548"
2/17/15,"25,288"
2/18/15,"25,340"
2/19/15,"17,081"
2/20/15,"21,014"
2/21/15,"16,490"
2/22/15,"9,214"
2/23/15,"21,857"
2/24/15,"23,758"
2/25/15,"21,708"
2/26/15,"20,131"
2/27/15,"24,540"
2/28/15,"13,677"
3/1/15,"15,817"
3/2/15,"22,379"
3/3/15,"24,001"
3/4/15,"24,544"
3/5/15,"24,959"
3/6/15,"25,527"
3/7/15,"27,754"
3/8/15,"20,207"
3/9/15,"24,230"
3/10/15,"27,878"
3/11/15,"27,610"
3/12/15,"28,324"
3/13/15,"25,840"
3/14/15,"18,270"
3/15/15,"10,744"
3/16/15,"19,950"
3/17/15,"25,956"
3/18/15,"26,618"
3/19/15,"24,241"
3/20/15,"25,424"
3/21/15,"16,304"
3/22/15,"18,782"
3/23/15,"25,741"
3/24/15,"24,161"
3/25/15,"25,779"
3/26/15,"20,415"
3/27/15,"26,567"
3/28/15,"19,242"
3/29/15,"8,987"
3/30/15,"22,235"
3/31/15,"22,898"
4/1/15,"23,677"
4/2/15,"22,818"
4/3/15,"11,503"
4/4/15,"13,828"
4/5/15,"19,685"
4/6/15,"25,724"
4/7/15,"29,525"
4/8/15,"30,882"
4/9/15,"31,671"
4/10/15,"32,299"
4/11/15,"25,415"
4/12/15,"29,457"
4/13/15,"28,203"
4/14/15,"34,830"
4/15/15,"37,709"
4/16/15,"30,656"
4/17/15,"30,001"
4/18/15,"29,846"
4/19/15,"19,906"
4/20/15,"32,163"
4/21/15,"35,103"
4/22/15,"32,559"
4/23/15,"32,935"
4/24/15,"32,332"
4/25/15,"25,441"
4/26/15,"19,565"
4/27/15,"30,735"
4/28/15,"32,024"
4/29/15,"26,197"
4/30/15,"31,795"
5/1/15,"29,822"
5/2/15,"22,474"
5/3/15,"21,375"
5/4/15,"26,933"
5/5/15,"26,633"
5/6/15,"24,556"
5/7/15,"31,283"
5/8/15,"27,029"
5/9/15,"27,995"
5/10/15,"32,399"
5/11/15,"33,872"
5/12/15,"33,930"
5/13/15,"36,877"
5/14/15,"15,657"
5/15/15,"32,522"
5/16/15,"32,720"
5/17/15,"31,506"
5/18/15,"24,385"
5/19/15,"28,408"
5/20/15,"30,650"
5/21/15,"34,922"
5/22/15,"33,624"
5/23/15,"23,989"
5/24/15,"30,267"
5/25/15,"29,607"
5/26/15,"34,880"
5/27/15,"36,496"
5/28/15,"34,496"
5/29/15,"26,155"
5/30/15,"29,432"
5/31/15,"15,075"
6/1/15,"27,893"
6/2/15,"28,070"
6/3/15,"35,630"
6/4/15,"39,687"
6/5/15,"35,048"
6/6/15,"33,088"
6/7/15,"35,757"
6/8/15,"32,745"
6/9/15,"33,447"
6/10/15,"35,862"
6/11/15,"38,969"
6/12/15,"35,367"
6/13/15,"30,566"
6/14/15,"25,402"
6/15/15,"34,723"
6/16/15,"38,166"
6/17/15,"38,799"
6/18/15,"38,875"
6/19/15,"36,220"
6/20/15,"26,546"
6/21/15,"30,621"
6/22/15,"29,711"
6/23/15,"37,663"
6/24/15,"39,183"
6/25/15,"38,856"
6/26/15,"37,281"
6/27/15,"36,885"
6/28/15,"25,846"
6/29/15,"39,280"
6/30/15,"43,582"
7/1/15,"42,891"
7/2/15,"38,467"
7/3/15,"39,940"
7/4/15,"38,640"
7/5/15,"29,963"
7/6/15,"38,895"
7/7/15,"38,120"
7/8/15,"41,921"
7/9/15,"73,094"
7/10/15,"43,266"
7/11/15,"42,676"
7/12/15,"23,498"
7/13/15,"27,646"
7/14/15,"35,600"
7/15/15,"34,878"
7/16/15,"39,609"
7/17/15,"38,845"
7/18/15,"38,906"
7/19/15,"36,989"
7/20/15,"32,140"
7/21/15,"41,001"
7/22/15,"38,133"
7/23/15,"39,368"
7/24/15,"16,135"
7/25/15,"32,982"
7/26/15,"12,497"
7/27/15,"32,103"
7/28/15,"36,310"
7/29/15,"37,021"
7/30/15,"36,350"
7/31/15,"36,932"
